Actual OS_region,[AO] Arctic Ocean (MRGID:1906),[IO] Indian Ocean (MRGID:1904),[SAO] South Atlantic Ocean (MRGID:1914),[SPO] South Pacific Ocean (MRGID:1910)
[AO] Arctic Ocean (MRGID:1906),4,0,0,1
[IO] Indian Ocean (MRGID:1904),0,0,0,4
[MS] Mediterranean Sea (MRGID:1905),0,1,0,1
[NAO] North Atlantic Ocean (MRGID:1912),0,1,0,5
[NPO] North Pacific Ocean (MRGID:1908),0,0,0,4
[RS] Red Sea (MRGID:4264),0,0,0,2
[SAO] South Atlantic Ocean (MRGID:1914),0,1,1,3
[SPO] South Pacific Ocean (MRGID:1910),0,0,0,8
