Actual OS_region,[AO] Arctic Ocean (MRGID:1906),[IO] Indian Ocean (MRGID:1904),[MS] Mediterranean Sea (MRGID:1905),[NAO] North Atlantic Ocean (MRGID:1912),[NPO] North Pacific Ocean (MRGID:1908),[RS] Red Sea (MRGID:4264),[SAO] South Atlantic Ocean (MRGID:1914),[SPO] South Pacific Ocean (MRGID:1910)
[AO] Arctic Ocean (MRGID:1906),2,1,0,1,0,0,1,0
[IO] Indian Ocean (MRGID:1904),0,1,3,0,0,0,0,0
[MS] Mediterranean Sea (MRGID:1905),0,0,1,0,0,1,0,0
[NAO] North Atlantic Ocean (MRGID:1912),0,1,0,4,0,0,0,1
[NPO] North Pacific Ocean (MRGID:1908),0,0,0,0,3,0,0,1
[RS] Red Sea (MRGID:4264),0,1,0,0,0,1,0,0
[SAO] South Atlantic Ocean (MRGID:1914),0,0,0,0,0,0,2,3
[SPO] South Pacific Ocean (MRGID:1910),0,0,0,3,1,0,0,4
