Actual OS_region,[AO] Arctic Ocean (MRGID:1906),[MS] Mediterranean Sea (MRGID:1905),[NPO] North Pacific Ocean (MRGID:1908),[SAO] South Atlantic Ocean (MRGID:1914),[SPO] South Pacific Ocean (MRGID:1910)
[AO] Arctic Ocean (MRGID:1906),3,0,0,2,0
[IO] Indian Ocean (MRGID:1904),0,1,0,0,3
[MS] Mediterranean Sea (MRGID:1905),0,0,0,0,2
[NAO] North Atlantic Ocean (MRGID:1912),0,0,0,3,3
[NPO] North Pacific Ocean (MRGID:1908),0,0,2,1,1
[RS] Red Sea (MRGID:4264),0,0,0,0,2
[SAO] South Atlantic Ocean (MRGID:1914),0,0,0,1,4
[SPO] South Pacific Ocean (MRGID:1910),0,0,1,1,6
