Actual OS_region,[AO] Arctic Ocean (MRGID:1906),[IO] Indian Ocean (MRGID:1904),[NAO] North Atlantic Ocean (MRGID:1912),[SPO] South Pacific Ocean (MRGID:1910)
[AO] Arctic Ocean (MRGID:1906),4,0,1,0
[IO] Indian Ocean (MRGID:1904),0,3,1,0
[MS] Mediterranean Sea (MRGID:1905),0,1,1,0
[NAO] North Atlantic Ocean (MRGID:1912),0,0,5,1
[NPO] North Pacific Ocean (MRGID:1908),0,1,3,0
[RS] Red Sea (MRGID:4264),0,2,0,0
[SAO] South Atlantic Ocean (MRGID:1914),0,2,2,1
[SPO] South Pacific Ocean (MRGID:1910),0,1,2,5
