Actual OS_region,[AO] Arctic Ocean (MRGID:1906),[IO] Indian Ocean (MRGID:1904),[MS] Mediterranean Sea (MRGID:1905),[SPO] South Pacific Ocean (MRGID:1910)
[AO] Arctic Ocean (MRGID:1906),3,0,1,1
[IO] Indian Ocean (MRGID:1904),0,3,0,1
[MS] Mediterranean Sea (MRGID:1905),0,0,0,2
[NAO] North Atlantic Ocean (MRGID:1912),0,1,1,4
[NPO] North Pacific Ocean (MRGID:1908),0,0,0,4
[RS] Red Sea (MRGID:4264),0,1,1,0
[SAO] South Atlantic Ocean (MRGID:1914),0,2,0,3
[SPO] South Pacific Ocean (MRGID:1910),0,1,1,6
