Actual OS_region,[AO] Arctic Ocean (MRGID:1906),[IO] Indian Ocean (MRGID:1904),[NAO] North Atlantic Ocean (MRGID:1912),[SAO] South Atlantic Ocean (MRGID:1914),[SPO] South Pacific Ocean (MRGID:1910)
[AO] Arctic Ocean (MRGID:1906),4,0,1,0,0
[IO] Indian Ocean (MRGID:1904),0,3,0,0,1
[MS] Mediterranean Sea (MRGID:1905),0,2,0,0,0
[NAO] North Atlantic Ocean (MRGID:1912),0,0,3,3,0
[NPO] North Pacific Ocean (MRGID:1908),0,2,2,0,0
[RS] Red Sea (MRGID:4264),0,2,0,0,0
[SAO] South Atlantic Ocean (MRGID:1914),0,2,2,0,1
[SPO] South Pacific Ocean (MRGID:1910),0,2,1,0,5
