Actual OS_region,[AO] Arctic Ocean (MRGID:1906),[IO] Indian Ocean (MRGID:1904),[MS] Mediterranean Sea (MRGID:1905),[NAO] North Atlantic Ocean (MRGID:1912),[NPO] North Pacific Ocean (MRGID:1908),[SPO] South Pacific Ocean (MRGID:1910)
[AO] Arctic Ocean (MRGID:1906),1,0,0,0,0,4
[IO] Indian Ocean (MRGID:1904),1,2,0,0,0,1
[MS] Mediterranean Sea (MRGID:1905),0,2,0,0,0,0
[NAO] North Atlantic Ocean (MRGID:1912),0,2,0,0,0,4
[NPO] North Pacific Ocean (MRGID:1908),1,1,0,0,1,1
[RS] Red Sea (MRGID:4264),0,2,0,0,0,0
[SAO] South Atlantic Ocean (MRGID:1914),0,2,0,0,0,3
[SPO] South Pacific Ocean (MRGID:1910),0,5,1,1,0,1
