Actual OS_region,[AO] Arctic Ocean (MRGID:1906),[NAO] North Atlantic Ocean (MRGID:1912),[NPO] North Pacific Ocean (MRGID:1908),[SAO] South Atlantic Ocean (MRGID:1914),[SO] Southern Ocean (MRGID:1907),[SPO] South Pacific Ocean (MRGID:1910)
[AO] Arctic Ocean (MRGID:1906),2,0,0,0,3,0
[IO] Indian Ocean (MRGID:1904),2,0,1,1,0,0
[MS] Mediterranean Sea (MRGID:1905),0,1,0,0,1,0
[NAO] North Atlantic Ocean (MRGID:1912),1,2,0,3,0,0
[NPO] North Pacific Ocean (MRGID:1908),1,0,0,0,2,1
[RS] Red Sea (MRGID:4264),1,0,0,0,1,0
[SAO] South Atlantic Ocean (MRGID:1914),2,0,0,1,1,1
[SPO] South Pacific Ocean (MRGID:1910),3,0,0,2,2,1
