Actual OS_region,[AO] Arctic Ocean (MRGID:1906),[IO] Indian Ocean (MRGID:1904),[NAO] North Atlantic Ocean (MRGID:1912),[SPO] South Pacific Ocean (MRGID:1910)
[AO] Arctic Ocean (MRGID:1906),5,0,0,0
[IO] Indian Ocean (MRGID:1904),0,2,0,2
[MS] Mediterranean Sea (MRGID:1905),1,1,0,0
[NAO] North Atlantic Ocean (MRGID:1912),4,1,0,1
[NPO] North Pacific Ocean (MRGID:1908),2,0,0,2
[RS] Red Sea (MRGID:4264),0,2,0,0
[SAO] South Atlantic Ocean (MRGID:1914),1,1,1,2
[SPO] South Pacific Ocean (MRGID:1910),0,2,0,6
